{
    "CR": {
        "ndev": 3775,
        "ntest": 3775,
        "acc": 74.43,
        "devacc": 74.13
    },
    "STS16": {
        "postediting": {
            "spearman": [
                0.7441456775821986,
                2.7235804149294726e-44
            ],
            "pearson": [
                0.5522782108500429,
                6.96262181469605e-21
            ],
            "nsamples": 244
        },
        "plagiarism": {
            "spearman": [
                0.5711980676202003,
                2.5673673591376498e-21
            ],
            "pearson": [
                0.5379267585749863,
                1.1883669673505876e-18
            ],
            "nsamples": 230
        },
        "headlines": {
            "spearman": [
                0.5108030666215385,
                5.96349217406097e-18
            ],
            "pearson": [
                0.49587209755988965,
                7.376225698589152e-17
            ],
            "nsamples": 249
        },
        "answer-answer": {
            "spearman": [
                0.45337150234413376,
                2.796798009451306e-14
            ],
            "pearson": [
                0.3908506246043094,
                1.0673867015241989e-10
            ],
            "nsamples": 254
        },
        "all": {
            "spearman": {
                "mean": 0.4881809486162818,
                "wmean": 0.4966468715933922
            },
            "pearson": {
                "mean": 0.41837250861549036,
                "wmean": 0.4260106516210819
            }
        },
        "question-question": {
            "spearman": [
                0.16138642891333804,
                0.01957124447748923
            ],
            "pearson": [
                0.11493485148822358,
                0.09749425648039012
            ],
            "nsamples": 209
        }
    },
    "TREC": {
        "ndev": 5452,
        "ntest": 500,
        "acc": 73.2,
        "devacc": 70.27
    },
    "SICKEntailment": {
        "ndev": 500,
        "ntest": 4927,
        "acc": 73.66,
        "devacc": 74.2
    },
    "MR": {
        "ndev": 10662,
        "ntest": 10662,
        "acc": 69.15,
        "devacc": 68.6
    },
    "SST2": {
        "ndev": 872,
        "ntest": 1821,
        "acc": 71.77,
        "devacc": 71.9
    },
    "Depth": {
        "ndev": 10000,
        "ntest": 10000,
        "acc": 31.07,
        "devacc": 31.25
    },
    "Tense": {
        "ndev": 10000,
        "ntest": 10000,
        "acc": 75.35,
        "devacc": 75.65
    },
    "BigramShift": {
        "ndev": 10000,
        "ntest": 10000,
        "acc": 49.55,
        "devacc": 49.72
    },
    "SubjNumber": {
        "ndev": 10000,
        "ntest": 10000,
        "acc": 75.2,
        "devacc": 76.28
    },
    "SUBJ": {
        "ndev": 10000,
        "ntest": 10000,
        "acc": 85.43,
        "devacc": 85.36
    },
    "MPQA": {
        "ndev": 10606,
        "ntest": 10606,
        "acc": 85.55,
        "devacc": 85.68
    },
    "SST5": {
        "ndev": 1101,
        "ntest": 2210,
        "acc": 37.29,
        "devacc": 34.7
    },
    "MRPC": {
        "ndev": 4076,
        "ntest": 1725,
        "acc": 72.75,
        "f1": 80.59,
        "devacc": 73.68
    }
}