{
    "CR": {
        "ndev": 3775,
        "ntest": 3775,
        "acc": 74.04,
        "devacc": 74.39
    },
    "STS16": {
        "postediting": {
            "spearman": [
                0.7441456775821986,
                2.7235804149294726e-44
            ],
            "pearson": [
                0.5522781011490518,
                6.962770049173073e-21
            ],
            "nsamples": 244
        },
        "plagiarism": {
            "spearman": [
                0.5711980676202003,
                2.5673673591376498e-21
            ],
            "pearson": [
                0.5379267390223139,
                1.1883710195382416e-18
            ],
            "nsamples": 230
        },
        "headlines": {
            "spearman": [
                0.5108992522171968,
                5.865284421877571e-18
            ],
            "pearson": [
                0.49587210003950943,
                7.3762226921973e-17
            ],
            "nsamples": 249
        },
        "answer-answer": {
            "spearman": [
                0.45337150234413376,
                2.796798009451306e-14
            ],
            "pearson": [
                0.39085054370547345,
                1.0673969507349304e-10
            ],
            "nsamples": 254
        },
        "all": {
            "spearman": {
                "mean": 0.4881346319207898,
                "wmean": 0.4966093053851606
            },
            "pearson": {
                "mean": 0.41837246696198127,
                "wmean": 0.4260106083501539
            }
        },
        "question-question": {
            "spearman": [
                0.1610586598402193,
                0.019823939575806904
            ],
            "pearson": [
                0.11493485089355791,
                0.09749425822503896
            ],
            "nsamples": 209
        }
    },
    "TREC": {
        "ndev": 5452,
        "ntest": 500,
        "acc": 76.0,
        "devacc": 70.73
    },
    "SICKEntailment": {
        "ndev": 500,
        "ntest": 4927,
        "acc": 74.95,
        "devacc": 74.4
    },
    "MR": {
        "ndev": 10662,
        "ntest": 10662,
        "acc": 68.77,
        "devacc": 68.67
    },
    "SST2": {
        "ndev": 872,
        "ntest": 1821,
        "acc": 70.84,
        "devacc": 71.67
    },
    "Depth": {
        "ndev": 10000,
        "ntest": 10000,
        "acc": 30.68,
        "devacc": 29.97
    },
    "Tense": {
        "ndev": 10000,
        "ntest": 10000,
        "acc": 75.28,
        "devacc": 75.89
    },
    "BigramShift": {
        "ndev": 10000,
        "ntest": 10000,
        "acc": 50.02,
        "devacc": 50.03
    },
    "SubjNumber": {
        "ndev": 10000,
        "ntest": 10000,
        "acc": 74.74,
        "devacc": 76.17
    },
    "SUBJ": {
        "ndev": 10000,
        "ntest": 10000,
        "acc": 85.17,
        "devacc": 85.28
    },
    "MPQA": {
        "ndev": 10606,
        "ntest": 10606,
        "acc": 85.83,
        "devacc": 85.99
    },
    "SST5": {
        "ndev": 1101,
        "ntest": 2210,
        "acc": 38.19,
        "devacc": 36.6
    },
    "MRPC": {
        "ndev": 4076,
        "ntest": 1725,
        "acc": 71.65,
        "f1": 80.65,
        "devacc": 71.76
    }
}